SQGDP1 State quarterly gross domestic product (GDP) summary,,,,,,,,,,,,,,,,,,,,,,,,,,
SQGDP1 State quarterly gross domestic product (GDP) summary,,,,,,,,,,,,,,,,,,,,,,,,,,
State or DC,,,,,,,,,,,,,,,,,,,,,,,,,,
GeoFips,GeoName,2018:Q1,2018:Q2,2018:Q3,2018:Q4,2019:Q1,2019:Q2,2019:Q3,2019:Q4,2020:Q1,2020:Q2,2020:Q3,2020:Q4,2021:Q1,2021:Q2,2021:Q3,2021:Q4,2022:Q1,2022:Q2,2022:Q3,2022:Q4,2023:Q1,2023:Q2,2023:Q3,2023:Q4,2024:Q1
20000,Kansas,168273.7,169261.1,170858.2,170794.5,168537.5,170443.8,170904.9,171520.8,171671.2,159196,171332.1,171964,169533.9,172896.4,173680.4,175248.4,176555.7,172467,175148.7,175007.1,177762.8,180967.2,185206.8,185461.9,183613.7
,,,,,,,,,,,,,,,,,,,,,,,,,,
Legend/Footnotes,,,,,,,,,,,,,,,,,,,,,,,,,,
"1. Real GDP is in millions of chained 2017 dollars. Calculations are performed on unrounded data. Chained (2017) dollar series are calculated as the product of the chain-type quantity index and the 2017 current-dollar value of the corresponding series, divided by 100. Because the formula for the chain-type quantity indexes uses weights of more than one period, the corresponding chained-dollar estimates are usually not additive. For the All industry total and Government and government enterprises, the difference between the United States and sum-of-states reflects overseas activity, economic activity taking place outside the borders of the United States by the military and associated federal civilian support staff.",,,,,,,,,,,,,,,,,,,,,,,,,,
"  Last updated: June 28, 2024- new statistics for 2024:Q1.",,,,,,,,,,,,,,,,,,,,,,,,,,
